"","GEOID","NAME","year","pct_white","pct_black","pct_hispanic","pct_bac_25","pct_work_inside_st_ct","avg_work_commute","pct_snap","pct_poverty","med_income","med_home_value","med_rent"
"1",6001,"Alameda County, California",2009,0.361168958123531,0.123218382789735,0.219497788106058,0.402035413199895,0.658414428404637,28.2354339034086,0.0766178977446929,0.107080401417811,68405,507400,1111
"2",6007,"Butte County, California",2009,0.760337659864809,0.0134510851086015,0.133391060718026,0.234010265565722,0.891010535070696,20.316758454047,0.147145767586785,0.18276561516402,41786,245100,738
"3",6013,"Contra Costa County, California",2009,0.496501401168184,0.0901789538584465,0.231690217944556,0.375911521984999,0.602657675021498,31.3106613320781,0.0556519015835111,0.0955279284841319,75139,424500,1185
"4",6017,"El Dorado County, California",2009,0.797312367257505,0.00744198557554904,0.121083571032295,0.31900478437541,0.54439441312457,29.1594165147174,0.0405883298505064,0.0696846245302049,70449,399800,990
"5",6019,"Fresno County, California",2009,0.342788497782614,0.0498073239830563,0.492530594897445,0.197975678481388,0.925091906261601,21.4810515523673,0.212075922881483,0.214992528510512,45661,221700,718
"6",6023,"Humboldt County, California",2009,0.782577166089351,0.0108776991737577,0.0886185322049328,0.265037684220633,0.981073604594159,17.2797621280906,0.173687323388316,0.191895987875887,35745,303900,722
"7",6025,"Imperial County, California",2009,0.157603940697772,0.031958243944533,0.773128228483766,0.14895200297656,0.914332311773034,19.2895234493192,0.211819989155973,0.228130305467264,38594,160300,547
"8",6029,"Kern County, California",2009,0.40042134883646,0.0549091102752391,0.478839048955483,0.138061794457822,0.931951412999804,23.577052290983,0.167598292543477,0.223523506775975,47368,177800,701
"9",6031,"Kings County, California",2009,0.369027452878385,0.0735594633110161,0.498944637143395,0.124745223643246,0.798993174367151,22.4624426658744,0.156202566579274,0.176877418187029,44506,204800,690
"10",6033,"Lake County, California",2009,NA,NA,NA,0.185732068506675,0.774693705111956,28.8191787214186,0.172631696678224,0.246229436825575,39343,252500,695
"11",6037,"Los Angeles County, California",2009,0.282121130855764,0.0829886359793871,0.48023839534704,0.286957132692069,0.925703112324792,28.5971667446782,0.0917168600778319,0.160656241024882,54467,441400,1049
"12",6039,"Madera County, California",2009,0.389532536735023,0.0346695193498035,0.516793153560472,0.148371465845182,0.652701705752163,27.3400653186687,0.141542175946884,0.196787007417302,44135,226500,721
"13",6041,"Marin County, California",2009,0.73809371884347,0.0276889332003988,0.146636091724826,0.542236151651759,0.657335620731748,28.7120969146041,0.0363215978223439,0.0606530605545845,89019,820200,1511
"14",6045,"Mendocino County, California",2009,NA,NA,NA,0.214193548387097,0.958736865208922,20.0375140487834,0.102543418430293,0.172938406942834,41867,369800,728
"15",6047,"Merced County, California",2009,0.34189898133466,0.0368945177950522,0.531079687429939,0.113234957348142,0.759435572136376,26.9349276836439,0.190095264536952,0.256463099462343,39535,157500,686
"16",6053,"Monterey County, California",2009,0.343190291687989,0.0285620293881132,0.539279187075079,0.215489083038673,0.901091708027868,22.4784704544224,0.0886375365559952,0.178010417704477,58448,402700,1016
"17",6055,"Napa County, California",2009,0.583245451169699,0.0211511325659116,0.308295581136279,0.312146643109541,0.726103029430122,24.0600818918693,0.0391808996872745,0.0722268958057926,68541,456100,1152
"18",6057,"Nevada County, California",2009,NA,NA,NA,0.321774362556759,0.747877358490566,22.1450043509216,0.0714366837024418,0.0938482541783882,57884,413900,1042
"19",6059,"Orange County, California",2009,0.453317148949414,0.0156813200536807,0.341546445635734,0.348213437722205,0.836271045652592,25.9328583329874,0.049707146772844,0.106517448339756,71865,530400,1367
"20",6061,"Placer County, California",2009,0.767050540521931,0.0140151254332209,0.1240044527072,0.331581659809231,0.625159419554196,26.6363346657707,0.0292404065183108,0.0716350415972417,70568,369400,1015
"21",6065,"Riverside County, California",2009,0.407286020776874,0.0590404810298103,0.447014735772358,0.197040608024727,0.694374846768841,31.0537218362428,0.0854451595602038,0.138718967790364,55352,247200,986
"22",6067,"Sacramento County, California",2009,0.510643856414473,0.0965367047622719,0.204901106321501,0.274198559058761,0.826845928656619,25.4302171565559,0.140089923812867,0.153924401365895,52504,257800,860
"23",6071,"San Bernardino County, California",2009,0.348206572621034,0.0826055560043674,0.480766705011169,0.185600152434655,0.699794480143397,28.9523684813566,0.134208968525626,0.169803442213062,52320,242000,934
"24",6073,"San Diego County, California",2009,0.501663013832306,0.0485124564762576,0.313461324981752,0.345572114941994,0.968376953820754,23.9201290652666,0.0520922943019445,0.125879645584818,60231,417700,1157
"25",6075,"San Francisco County, California",2009,0.450730844610588,0.0583743582573544,0.144098665862112,0.519789642414062,0.78194946839544,28.9278388458141,0.0711992288541688,0.116321592360169,70770,751600,1312
"26",6077,"San Joaquin County, California",2009,0.380687846368136,0.0689328156951071,0.375657173339656,0.180385687468002,0.721910090440184,29.8320215519518,0.128903096221127,0.156990799426895,52789,221600,859
"27",6079,"San Luis Obispo County, California",2009,0.722490457765076,0.0200471212229044,0.196084968030236,0.300730301686927,0.894903690144361,19.8965708856902,0.0711064918452191,0.13307635463061,56661,460300,1011
"28",6081,"San Mateo County, California",2009,0.443496353908057,0.0291895981718775,0.237445913637065,0.436742849508145,0.580953110026141,25.1164691026849,0.0242233301020173,0.0774897377847668,85213,731800,1381
"29",6083,"Santa Barbara County, California",2009,0.508950834895359,0.0192061554032973,0.404029411114414,0.315241035423255,0.934078843830698,18.8110372215434,0.0729483968501094,0.151177104562844,59051,553900,1183
"30",6085,"Santa Clara County, California",2009,0.370778565112779,0.0235055546154355,0.262777632712891,0.440429761152555,0.873167627298828,23.8379124971909,0.0452053769488302,0.0909460304289424,85215,645500,1349
"31",6087,"Santa Cruz County, California",2009,0.619328072188527,0.010510580833509,0.301672794261137,0.383714608861922,0.775945408018197,25.2239749947295,0.0803808252384549,0.138553132959348,61499,590800,1159
"32",6089,"Shasta County, California",2009,0.827563929121641,0.010552239382879,0.081320161900397,0.201740882068751,0.93521839745444,19.0346095041003,0.101848923745072,0.149029461861477,42889,243300,686
"33",6101,"Sutter County, California",2009,0.530135832595504,0.0177834884574686,0.279774116224329,0.198423559982676,0.565264745308311,27.8342043032727,0.150855168927458,0.140685036776814,50333,199600,704
"34",6095,"Solano County, California",2009,0.432397589592225,0.133645520757108,0.227517839866023,0.241667739029726,0.582662845806238,28.4770003645311,0.0790630165705761,0.106119355857278,65783,297300,1077
"35",6097,"Sonoma County, California",2009,0.67565060092946,0.0162147163113056,0.235637637629156,0.325800516872826,0.834463500400205,25.5338537255794,0.0617909852758928,0.0932223972763206,62368,446700,1073
"36",6099,"Stanislaus County, California",2009,0.485460975538074,0.0266387139120468,0.402515747915789,0.163241258978949,0.781127028227347,26.1376931032254,0.124951516401898,0.17044758182067,48716,196800,802
"37",6107,"Tulare County, California",2009,0.347198301944757,0.0138595380619455,0.582773210944264,0.121080537714589,0.878640078538779,20.437100908575,0.215225028238635,0.230343453939314,39997,175400,664
"38",6111,"Ventura County, California",2009,0.506597275409318,0.0164636113093303,0.384929693405713,0.30970905842138,0.764689075675985,24.036184634786,0.0642026560918686,0.104221937118153,71723,475900,1301
"39",6113,"Yolo County, California",2009,0.526756834012848,0.0234144237664676,0.290275667353704,0.380211098413613,0.63140988473224,21.2532390477805,0.093927087268606,0.161938994092354,57634,337700,946
"40",6115,"Yuba County, California",2009,0.588591018169352,0.0230099417209462,0.234638327048337,0.129538047813305,0.514408434205389,28.1806282722513,0.220034338448331,0.201801139496416,45117,180700,688
"41",6001,"Alameda County, California",2010,0.33908670816512,0.120894850034876,0.225723801018791,0.40273014855105,0.678491716470058,27.4003106183845,0.09217432025722,0.134705891442765,67169,497200,1126
"42",6007,"Butte County, California",2010,0.752172016430986,0.0127049329310408,0.142516994438184,0.224867465148243,0.908461299644162,20.5966839691579,0.169232849718911,0.202608951240791,41657,233800,764
"43",6013,"Contra Costa County, California",2010,0.47752479752134,0.0883260022776771,0.244493159844875,0.385993635665266,0.596844729283293,32.5166039444857,0.0626590646805714,0.0922525092455994,73721,416000,1198
"44",6017,"El Dorado County, California",2010,0.800263805644779,0.00706977052220272,0.12177555548197,0.316984178492564,0.541311837742963,30.2374251330967,0.0609773501049928,0.0922640962134904,66129,376600,981
"45",6019,"Fresno County, California",2010,0.32640948601015,0.0492687902893979,0.504257174941709,0.20053737444779,0.922799512235903,22.2837771217978,0.235070055891586,0.268390264535499,45221,212500,707
"46",6023,"Humboldt County, California",2010,0.774656141964776,0.011358072317759,0.0989361544282387,0.251677630126705,0.982133878590822,16.709629446028,0.137500388331418,0.176960216888022,38492,294100,721
"47",6025,"Imperial County, California",2010,0.137467614732301,0.0308330575116701,0.803605464692925,0.132218976004598,0.92300142589952,20.6428089128967,0.184683662405124,0.215264176000097,41802,154100,615
"48",6029,"Kern County, California",2010,0.38395548837756,0.0541648312113293,0.493224349833236,0.150023114167768,0.932299082915949,23.8643684957833,0.187924388827288,0.212365750758317,45524,164200,709
"49",6031,"Kings County, California",2010,0.350797132672647,0.0717615261075639,0.509890712523013,0.10911982917343,0.787738157823179,20.8325407925408,0.101115241635688,0.221732317895274,44609,184600,692
"50",6033,"Lake County, California",2010,NA,NA,NA,0.159657811796488,0.734548732845838,25.3933092224231,0.121779413631171,0.220003402991539,34910,196200,649
"51",6037,"Los Angeles County, California",2010,0.276740769977275,0.0821084958730146,0.478519025636748,0.292116979978771,0.926986707580307,28.8398365390524,0.109068755342631,0.175379387790884,52684,429500,1061
"52",6039,"Madera County, California",2010,0.380864947691007,0.0353415935749762,0.53792401986685,0.154416896629479,0.624761495897729,25.6032438222018,0.224981970287033,0.209652004005911,48268,203900,788
"53",6041,"Marin County, California",2010,0.729617738695852,0.026621486975913,0.155620838539278,0.542602893295643,0.630369579149754,28.0117852057259,0.0419908130596842,0.0905988070401777,83867,775200,1428
"54",6045,"Mendocino County, California",2010,NA,NA,NA,0.222826637834916,0.944414090582315,19.0322324547475,0.178538812785388,0.200171413349394,40536,360200,845
"55",6047,"Merced County, California",2010,0.318765626338705,0.0362024784054709,0.550420986221561,0.123368912379449,0.752781830455327,25.8416427243536,0.202444292261497,0.229943932451015,42449,146100,687
"56",6053,"Monterey County, California",2010,0.328060727365233,0.0270926029922099,0.555185969156335,0.227768568215805,0.901362026391356,21.7603812641981,0.0832818294190358,0.170654603884309,54534,381700,1075
"57",6055,"Napa County, California",2010,0.561888965204811,0.019319294451183,0.323634716275263,0.278933897774274,0.786951557657805,24.2610587506879,0.0737249362851967,0.117184249347505,64401,424100,1113
"58",6057,"Nevada County, California",2010,NA,NA,NA,0.312743270654021,0.760834163770265,23.5206607050072,0.0802003166770998,0.119416749495343,54456,369300,878
"59",6059,"Orange County, California",2010,0.43926407842693,0.015080012573854,0.337540407086804,0.365739558765126,0.829872499636925,25.8964880061498,0.0605971653205491,0.121668074492973,70880,528200,1320
"60",6061,"Placer County, California",2010,0.76032715513301,0.0123583051467227,0.129142289057501,0.332825044861372,0.626253047049788,27.2701035103836,0.0497589608534571,0.0940177064196519,67884,344100,980
"61",6065,"Riverside County, California",2010,0.395166048511981,0.0576086581595511,0.45586321080981,0.202693719964281,0.679586234238997,31.6633453418419,0.106606076856857,0.163098161373931,54296,227900,985
"62",6067,"Sacramento County, California",2010,0.483452054524779,0.0978263086347778,0.216577974470431,0.270510264019435,0.830386388686216,25.9596465096002,0.151219279862831,0.168387077763827,52709,240200,865
"63",6071,"San Bernardino County, California",2010,0.330461932560108,0.0838100096893864,0.493195152271228,0.186088134321235,0.709825470467577,29.3843094362136,0.156569381052669,0.180260674643153,52607,221700,922
"64",6073,"San Diego County, California",2010,0.483691024018437,0.0473945657888679,0.321360120721612,0.337325408854571,0.969861031626913,24.1194294045741,0.0714294911505374,0.148122418998561,59923,407000,1178
"65",6075,"San Francisco County, California",2010,0.417182415579611,0.0594676602153047,0.151701567918079,0.508543410590152,0.763755841521742,30.2562323480032,0.0989564182616776,0.125468331232389,71745,768000,1321
"66",6077,"San Joaquin County, California",2010,0.358615996649916,0.0659998487809417,0.389671156709473,0.177330953203392,0.740376381715028,28.4902001237879,0.150117909892019,0.192292067436942,50011,213400,848
"67",6079,"San Luis Obispo County, California",2010,0.711439286520826,0.0215428357761381,0.208409073239718,0.308219405546023,0.887533381888808,20.9525321406551,0.0651489575254346,0.144438155327124,53978,425200,1034
"68",6081,"San Mateo County, California",2010,0.421884242712056,0.0233752961139299,0.254850991860165,0.430252930241039,0.605610121241678,24.5354846221362,0.0330695324591887,0.0675033041762265,82748,729500,1394
"69",6083,"Santa Barbara County, California",2010,0.478227598937633,0.015678860027501,0.429778296822317,0.297290213774557,0.940612564813698,20.1722946086775,0.106243106592555,0.18007702132128,56767,446800,1183
"70",6085,"Santa Clara County, California",2010,0.350283102141642,0.0245114656087675,0.269650734409804,0.460684021266554,0.865059051969178,24.3045702649559,0.0644556165944086,0.105305282414818,85002,639400,1345
"71",6087,"Santa Cruz County, California",2010,0.597082728261118,0.00800596075330541,0.321553749420271,0.337119616104869,0.778732742867635,25.3229854075658,0.113841881454482,0.146086885111275,61071,558000,1194
"72",6089,"Shasta County, California",2010,0.818744324302982,0.00786841971673689,0.0846630680632407,0.193933329474128,0.944443556507424,20.2312118869707,0.142307603179385,0.18500347590231,41023,225600,736
"73",6095,"Solano County, California",2010,0.40546215952016,0.147671401503723,0.241413934178926,0.228047764305982,0.624135788301023,28.6199986058832,0.107075842866655,0.123880239879163,63384,262600,1096
"74",6097,"Sonoma County, California",2010,0.66111683707124,0.0151756266490765,0.249964957124011,0.321248974267259,0.833280825514234,25.7880753998741,0.0809768304784916,0.131499129373253,59055,414000,1121
"75",6099,"Stanislaus County, California",2010,0.465965406571742,0.0247517259846553,0.420668739012492,0.160499854804688,0.792581694285272,26.3530839001037,0.157137543820776,0.198984410744196,48044,176800,813
"76",6101,"Sutter County, California",2010,0.504366812227074,0.0109486741345484,0.289116722570301,0.20268808114962,0.547162992410553,29.2594667586048,0.139778072058085,0.170996991788976,46521,206600,713
"77",6107,"Tulare County, California",2010,0.324640287769784,0.0132908710625485,0.607489947891311,0.134065376875664,0.861404300105247,20.6911002268252,0.275647134327778,0.24461732815894,43397,170300,665
"78",6111,"Ventura County, California",2010,0.486615090601255,0.0168982664531928,0.404084504654199,0.308177960992373,0.784242376507961,24.0040296474896,0.0774076945589723,0.107126138512405,71864,458200,1294
"79",6113,"Yolo County, California",2010,0.498598339877728,0.0229633679606342,0.304736815945126,0.376471693119434,0.606020988657645,22.5011343986461,0.112121968373528,0.18350249543452,55798,324800,957
"80",6115,"Yuba County, California",2010,0.588688732939161,0.0294800243134221,0.251657733325966,0.137089916304883,0.458034518086532,29.0348908386044,0.221133867616503,0.221661776820685,45755,173700,707
"81",6001,"Alameda County, California",2011,0.33793545224283,0.120422910368494,0.22836898439415,0.411503998922072,0.666926770528485,28.9161001602336,0.10728645900699,0.131289093148754,67558,480700,1173
"82",6007,"Butte County, California",2011,0.743242261629121,0.0125666239909927,0.146618179837106,0.242694062307108,0.917324545520388,21.1300438265075,0.181161433731592,0.230552596229561,39179,226600,741
"83",6013,"Contra Costa County, California",2011,0.470776552955831,0.0886149089763023,0.24760621932734,0.389772606702295,0.588624498567031,32.7459482223802,0.083803675946685,0.120449307720751,74353,391400,1181
"84",6017,"El Dorado County, California",2011,0.795001602758956,0.00814643690103792,0.122920558423327,0.293742954221161,0.544744135739877,28.0347229305396,0.0557660730074523,0.10487330087069,61084,337900,871
"85",6019,"Fresno County, California",2011,0.321374180192257,0.0462687611888379,0.508636085964213,0.186930028225029,0.913954212282103,21.7656483235188,0.243569621832808,0.257858156733202,42807,184300,730
"86",6023,"Humboldt County, California",2011,0.766282529812038,0.0123626271695817,0.102173477489778,0.274142032688665,0.98458567159828,17.4471566889404,0.124790899966544,0.216613809178098,41187,304900,757
"87",6025,"Imperial County, California",2011,0.134273143676895,0.0310239075551941,0.805791355326251,0.133253778838504,0.922858802227461,23.6261377602821,0.220751206622267,0.267970261121857,37843,130800,592
"88",6029,"Kern County, California",2011,0.377707200807787,0.0552746826971622,0.499617240610067,0.148083079878342,0.934347374315781,23.6794851289843,0.202153432032301,0.245415906970504,45224,155900,713
"89",6031,"Kings County, California",2011,0.349539882287907,0.0573667609664098,0.514362826390921,0.152913165565177,0.812242750014096,20.1973314198165,0.198666090285926,0.205461589198123,50345,169600,769
"90",6033,"Lake County, California",2011,0.73093605708689,0.0131834647015842,0.176779690002021,0.162715076339987,0.764456630109671,32.1510128033633,0.281229792487214,0.247767857142857,35991,192200,791
"91",6037,"Los Angeles County, California",2011,0.274632887102672,0.0808753636343044,0.481438673216129,0.292667586289091,0.925995677972463,29.389100632131,0.117676190743168,0.183235221803128,52280,410600,1073
"92",6039,"Madera County, California",2011,0.375059669772764,0.0299820173287559,0.544907634461337,0.125428800427465,0.695574148175094,24.8424469477304,0.190885009414994,0.242559418107429,46570,169300,671
"93",6041,"Marin County, California",2011,0.723923758288208,0.0270908242527379,0.157251471389753,0.52624165692975,0.683521433313445,27.0160769566786,0.0512093871111043,0.0946337100577283,77168,730500,1391
"94",6045,"Mendocino County, California",2011,0.674460041346384,0.00847486665219924,0.228513014973787,0.2119904790241,0.930340429056573,18.4920378896742,0.162321237474463,0.203769346857123,42431,298900,857
"95",6047,"Merced County, California",2011,0.310671878967903,0.0337401596010743,0.556502935767109,0.119022585138051,0.730538726052071,25.114735477357,0.229503333216991,0.274395293602925,40055,146700,712
"96",6053,"Monterey County, California",2011,0.323559248917985,0.0278171501168529,0.560562031581093,0.228457632485513,0.900530157145235,22.1482362760915,0.107547985762283,0.173618858101929,53179,332300,1061
"97",6055,"Napa County, California",2011,0.555370488384219,0.0167429465268524,0.329485545449279,0.341398048790822,0.78755010610705,23.1418879204662,0.0869652540670817,0.145584512949176,61460,395700,1223
"98",6057,"Nevada County, California",2011,NA,NA,NA,0.331236161365232,0.725852955309947,26.6598585371203,0.0733414485696896,0.124068032359348,54080,340400,1009
"99",6059,"Orange County, California",2011,0.434301618754183,0.0158766520112117,0.341243133834793,0.366565742652725,0.840808614536854,26.114874059294,0.0741393703572692,0.128932042694441,72293,506300,1360
"100",6061,"Placer County, California",2011,0.751446219668587,0.0115249567394117,0.133077409852774,0.3675977745184,0.612424161284213,27.3176101074842,0.0536524255907383,0.0856831655788728,68959,321700,1040
"101",6065,"Riverside County, California",2011,0.389165572731088,0.0608661290754682,0.460773702681705,0.203656699492862,0.686933583250477,31.6131436100796,0.137460015904399,0.168051999247915,52883,222700,960
"102",6067,"Sacramento County, California",2011,0.477891936870911,0.0942807106722698,0.219783372385724,0.275441538923309,0.819062636613068,25.6930524275678,0.183136469905108,0.17740988369828,52314,217000,872
"103",6071,"San Bernardino County, California",2011,0.32567565146702,0.0777804730080755,0.498955880693936,0.182385421972141,0.68650355311454,30.4408504709194,0.171050229898045,0.192881359459094,51247,211500,937
"104",6073,"San Diego County, California",2011,0.478398404621045,0.0467397372478121,0.325437434655098,0.337360113556963,0.971017142502167,24.1173272426263,0.0863454389068121,0.151064400624951,59477,396500,1170
"105",6075,"San Francisco County, California",2011,0.415785174194723,0.0561362456417487,0.154090789418646,0.520886508678058,0.780957392050329,29.5840035346916,0.102073558154489,0.13790643984659,69894,719800,1361
"106",6077,"San Joaquin County, California",2011,0.352339941454783,0.0693005311585231,0.394495083408262,0.181847467182089,0.735439758449401,28.2212065590813,0.180555198890629,0.181166918495611,50853,196800,834
"107",6079,"San Luis Obispo County, California",2011,0.698675216660722,0.0216789413499333,0.213002217164456,0.306877631746842,0.899467644218855,20.0959586553683,0.0822242823248433,0.152614624551839,54195,402200,1125
"108",6081,"San Mateo County, California",2011,0.417581465575921,0.0271985082692871,0.256348587544984,0.431037822417966,0.585809122346467,25.0572657384648,0.0348513116880162,0.0771774792449484,81657,706300,1467
"109",6083,"Santa Barbara County, California",2011,0.471113526581365,0.0159296098651137,0.434346581458871,0.323680353309019,0.931970886082388,19.4027503000032,0.104682983657365,0.151195545365215,60505,447700,1181
"110",6085,"Santa Clara County, California",2011,0.346558320041473,0.0245073168790601,0.27155077601253,0.45913073160565,0.867623178867383,24.683917184442,0.0704926472129758,0.106268409657889,84895,627400,1389
"111",6087,"Santa Cruz County, California",2011,0.588044555766597,0.0099887248484665,0.326536712347426,0.373520549948808,0.778912240276509,25.3610382085279,0.116202918506826,0.148171678667231,62513,532200,1264
"112",6089,"Shasta County, California",2011,0.819501164399744,0.00973145679345686,0.0878474917591999,0.185301794453507,0.929101927370483,20.8422212857004,0.168775484467611,0.200630817314848,42062,203700,728
"113",6095,"Solano County, California",2011,0.403499883545313,0.137241248490291,0.246089163471166,0.248910075303888,0.599792181092949,28.8758818918213,0.13187438254049,0.139354324550418,63795,256400,1096
"114",6097,"Sonoma County, California",2011,0.656053069352367,0.0141687631628547,0.253984708552885,0.321827326666746,0.836216431447153,24.8572040044705,0.0866418655615153,0.121587693200784,61020,398900,1108
"115",6099,"Stanislaus County, California",2011,0.458190780719044,0.0260451822680619,0.426440922468092,0.166088537285407,0.761049930558782,26.8044884538099,0.199766988406055,0.238086610599074,44076,161900,802
"116",6101,"Sutter County, California",2011,0.496433801451764,0.0200170671835986,0.293713587374498,0.156344920688491,0.580629287637132,27.2528385488784,0.162107687877915,0.149272416006848,49533,175900,715
"117",6107,"Tulare County, California",2011,0.319221018000993,0.0130950711514447,0.612614718210006,0.127898107111144,0.833844278758558,22.4177949081266,0.291091861832959,0.257151141849386,41167,152500,641
"118",6111,"Ventura County, California",2011,0.479241281554659,0.0174988067629191,0.409200368851523,0.312563783793814,0.770407057650183,24.8145747391915,0.0869184857724103,0.112559061211606,74623,433100,1303
"119",6113,"Yolo County, California",2011,0.483870648440516,0.0259435596424718,0.305235234145327,0.372682436356387,0.640270743598239,23.2298298846001,0.139795566785345,0.232174340891385,49594,290200,900
"120",6115,"Yuba County, California",2011,0.565667282096503,0.0373942517016176,0.258990327647496,0.119982696992464,0.404921243777034,31.441160232726,0.220429184549356,0.180514757308714,43961,162600,628
"121",6047,"Merced County, California",2012,0.304706353291016,0.0322792169421094,0.561216903985818,0.127764094786221,0.727986311624425,26.488255444091,0.249795318217514,0.243205034836489,43597,138100,711
"122",6115,"Yuba County, California",2012,0.577201546773442,0.0329374982859337,0.262293283602556,0.157861464824348,0.531215522160928,28.1797636325938,0.223407747866054,0.237327639144755,43545,175800,760
"123",6013,"Contra Costa County, California",2012,0.46702149042652,0.0866202851619632,0.247702614957248,0.393632436664309,0.577552693353868,34.3964105027007,0.0861224720583523,0.111777223082509,74177,381300,1230
"124",6099,"Stanislaus County, California",2012,0.455114370378321,0.0253523880350989,0.43029866251634,0.160956847271019,0.755801183624494,26.917586778092,0.224322762870715,0.20265139401692,46405,159800,806
"125",6097,"Sonoma County, California",2012,0.650000304984049,0.0141553263430989,0.255495304262254,0.318440094043979,0.830726985834046,25.6759184554188,0.116790924375456,0.120992831474712,59941,380100,1145
"126",6067,"Sacramento County, California",2012,0.473715641660248,0.0954823769878514,0.220346440055692,0.279768629304553,0.815945034871303,25.5953133947055,0.183378179418186,0.196191068471326,52667,213500,869
"127",6017,"El Dorado County, California",2012,0.795659084741445,0.00716655313162865,0.122302158273381,0.320237663136964,0.544657324147485,27.8991218042686,0.083098176304595,0.085600026809352,69973,335700,945
"128",6053,"Monterey County, California",2012,0.31918493211673,0.0252810700109194,0.564412951481153,0.239733926283259,0.880197419212529,22.7746444898803,0.121834007326171,0.183960019038553,58109,318200,1094
"129",6007,"Butte County, California",2012,0.743683956323717,0.0152749628733541,0.148393736543001,0.24076000618577,0.906017538554581,19.2315807078257,0.181623242309809,0.220401957567551,40960,203100,783
"130",6079,"San Luis Obispo County, California",2012,0.700972329369296,0.0159131599248919,0.214691198090275,0.335499584832549,0.861015429622989,22.0759140550807,0.0863846591171002,0.137115747763366,60264,410900,1087
"131",6029,"Kern County, California",2012,0.374218310171721,0.0510595006996372,0.50318632775726,0.152834691316847,0.93379887191479,24.2341984128294,0.202216509745623,0.23832755569562,45910,150200,723
"132",6111,"Ventura County, California",2012,0.474750024223039,0.0160506040209048,0.412054819427714,0.31604976018743,0.781288112420474,24.5420823565135,0.102498176234421,0.115064042335227,71517,413100,1356
"133",6081,"San Mateo County, California",2012,0.414146414702338,0.0252586529890668,0.253828226551478,0.437589892578967,0.586963560131449,25.8324323399108,0.0576772555181271,0.0841783067809204,81609,701900,1500
"134",6059,"Orange County, California",2012,0.428395939073153,0.0142550544766372,0.341482176165937,0.372952740237901,0.840664500018615,26.7100109934163,0.0845376107248643,0.129458506024349,71983,492200,1391
"135",6101,"Sutter County, California",2012,0.487865967881122,0.0148597166971859,0.293384689861295,0.177218601047614,0.544888792683587,26.62767920511,0.160414788097385,0.20494725974178,47081,166500,744
"136",6077,"San Joaquin County, California",2012,0.348394277353646,0.0681286399890694,0.397237735763124,0.188534408939259,0.723087352314546,29.7337886288539,0.179914514122415,0.183792948772851,50722,190600,845
"137",6073,"San Diego County, California",2012,0.475197690445547,0.0482946041674339,0.326617696910637,0.347543387689652,0.971995808224198,24.6201254812072,0.0969578801672111,0.150187793245382,60330,386400,1195
"138",6107,"Tulare County, California",2012,0.312172964553506,0.0126864862592566,0.618159773616799,0.147280617577013,0.859811837734294,21.8309731696509,0.276879218059111,0.304363487367904,40302,155100,689
"139",6113,"Yolo County, California",2012,0.48828128827443,0.0244613409890358,0.310310702632791,0.373012630789112,0.620255183413078,21.245233927244,0.161469958291061,0.180166285340742,50594,280800,934
"140",6023,"Humboldt County, California",2012,0.764631713232513,0.0160650314847916,0.102583310464521,0.267474127517874,0.976629338526814,18.8017449415259,0.15370978332239,0.226364381814317,40682,280400,738
"141",6057,"Nevada County, California",2012,NA,NA,NA,0.324397402103318,0.695828435723367,24.6958050535612,0.0880282948090458,0.115531430213229,53768,324600,1048
"142",6039,"Madera County, California",2012,0.368576646651513,0.0306271268838114,0.552254004125662,0.124650475139542,0.728222829474088,24.9774506246436,0.21588896402924,0.235579960153555,42039,168800,780
"143",6045,"Mendocino County, California",2012,0.670220066797822,0.00510134053163746,0.230360982751521,0.233739233739234,0.945122810975438,17.4809557316364,0.2174304132727,0.222209332003063,41369,297200,740
"144",6087,"Santa Cruz County, California",2012,0.587118031607041,0.0103345128497316,0.327237082796054,0.383164697472496,0.764830929695505,25.7129469077698,0.127065990550527,0.133822654856177,67769,545700,1378
"145",6037,"Los Angeles County, California",2012,0.271444371651352,0.0802124786543206,0.482006895860185,0.30047374233456,0.924281388495033,29.5782852877182,0.129215017539629,0.190741320759257,53001,399500,1088
"146",6065,"Riverside County, California",2012,0.384265485064019,0.0593203492797681,0.465231800485106,0.205067917610758,0.685397990493953,32.1029239837299,0.143417472009193,0.178192100055637,52621,220000,985
"147",6071,"San Bernardino County, California",2012,0.31902842100155,0.0840531914229143,0.504667966807491,0.184568777205542,0.695913618358632,30.2965749515385,0.193140029524034,0.2039992098482,50770,206100,936
"148",6085,"Santa Clara County, California",2012,0.341758167601268,0.0242677022743896,0.268965945108147,0.471303162104072,0.86541117854521,25.5761725998893,0.0748199610653041,0.107919990903541,91425,634600,1480
"149",6041,"Marin County, California",2012,0.723871300313587,0.0229196037005651,0.156680425978935,0.557976653696498,0.668595639144363,29.1202087520717,0.0645425492620726,0.078894214584569,90535,752900,1500
"150",6061,"Placer County, California",2012,0.748970089747347,0.0102742187888808,0.132718797175419,0.347852238185393,0.620634123088419,26.0305978657263,0.0806377273108187,0.0967741935483871,69086,319300,1093
"151",6089,"Shasta County, California",2012,0.817544488369749,0.0110199007760967,0.0887471582318883,0.181758170986959,0.925130611883468,19.8782356817729,0.137835945023199,0.165677074446909,45442,202500,754
"152",6095,"Solano County, California",2012,0.401771093529044,0.127810113676065,0.247656010476356,0.240929443472098,0.595983806208362,28.1755964246301,0.125882683357407,0.145942711692337,62066,234900,1115
"153",6033,"Lake County, California",2012,NA,NA,NA,0.171391255941421,0.783587349132235,30.6501042061387,0.211420932009167,0.266462893161446,33219,149300,644
"154",6083,"Santa Barbara County, California",2012,0.468395289032554,0.0179687373188112,0.437733188946525,0.30208638552678,0.935461298876215,18.7122105414667,0.104267033723331,0.163147811301835,61890,409700,1234
"155",6025,"Imperial County, California",2012,0.130857653095825,0.0265106132875195,0.812317743065759,0.13002424276726,0.9281841581628,21.9392379781841,0.266943707794516,0.226979504234738,40200,133800,595
"156",6001,"Alameda County, California",2012,0.332466939384584,0.115298574662962,0.226862071627045,0.423598899647555,0.641182490378933,29.5312366203041,0.114433997910693,0.130750694237257,70500,472900,1182
"157",6055,"Napa County, California",2012,0.55144018123629,0.0203243554245029,0.330936027904635,0.302642958088127,0.775639965728201,23.8931436331481,0.0870726167822724,0.0885712387126308,68553,396500,1214
"158",6075,"San Francisco County, California",2012,0.414883582385941,0.0536602317817846,0.153628386306203,0.535962632359236,0.746101952873073,31.6102175494344,0.114116911371956,0.149962814659397,73012,727600,1459
"159",6031,"Kings County, California",2012,0.344097671837425,0.061322375201501,0.52036811923575,0.120734262743756,0.717955448886222,20.8157924678575,0.216799383508862,0.212012437697197,45935,161200,691
"160",6019,"Fresno County, California",2012,0.316957046930303,0.0489104805912047,0.512075704587533,0.185254881535693,0.907050628951575,22.7732778893549,0.279257545871234,0.284397854914532,41627,174200,740
"161",6073,"San Diego County, California",2013,0.470457316959242,0.0481049135975626,0.329288389699718,0.345640188062914,0.972224553727355,24.8930389645321,0.100316432267317,0.152036503613868,61426,411000,1214
"162",6107,"Tulare County, California",2013,0.308708930887408,0.0131632547457519,0.623264037979227,0.133021257002532,0.848505290509563,21.094916696297,0.329818945108451,0.301244535641003,39422,160400,669
"163",6113,"Yolo County, California",2013,0.484200339210041,0.0204405820335984,0.312865054034107,0.385159779153421,0.654081991182038,21.2057203766211,0.135896248263085,0.188396210093526,54898,331200,988
"164",6023,"Humboldt County, California",2013,0.758150981835486,0.010238451071803,0.104756381373008,0.283255378858746,0.975422314337595,17.4085903515304,0.199164636268709,0.218278872917223,42092,259500,797
"165",6057,"Nevada County, California",2013,NA,NA,NA,0.31709348039751,0.745438197492992,23.998393971215,0.110876451953537,0.135388024787623,54851,337400,1071
"166",6039,"Madera County, California",2013,0.364402942469601,0.031911752160589,0.557277756268497,0.129907731466752,0.70348334855704,24.720444375065,0.233322418360968,0.236226665010969,39758,174700,826
"167",6045,"Mendocino County, California",2013,0.668192035966602,0.007202495641802,0.23538856775851,0.260694147384795,0.911359217580864,18.4895384123942,0.158059997101589,0.216192305453699,42042,297600,785
"168",6087,"Santa Cruz County, California",2013,0.58264636124401,0.00760525426937224,0.329479361143795,0.388600012781557,0.753426925108188,25.6724654661539,0.09304153421595,0.149343316368362,68438,535500,1244
"169",6037,"Los Angeles County, California",2013,0.26990742201211,0.0800237155223465,0.482669779220826,0.300654933757818,0.92404931700059,29.9559068526246,0.134690161039727,0.189399800736472,54529,420200,1114
"170",6065,"Riverside County, California",2013,0.378714656051214,0.0586222855589972,0.469253528996858,0.209911174097653,0.693012101337563,32.5693240493525,0.152166746320481,0.17348828763392,54095,236400,1016
"171",6071,"San Bernardino County, California",2013,0.31265852666983,0.0833640191326158,0.510607071253144,0.190564968192984,0.697792246697568,29.9791970355613,0.205819422832084,0.191116992635628,52323,230500,962
"172",6085,"Santa Clara County, California",2013,0.337952279246268,0.0249253373046029,0.267502702679479,0.475042331014669,0.866109764290096,26.2771113839694,0.0732048197130606,0.104589722337339,92014,682300,1577
"173",6041,"Marin County, California",2013,0.719675652661932,0.0218489346467207,0.157335552416155,0.550526042687027,0.646288992470419,29.4165154264973,0.0511741042192909,0.0842452673201423,96580,784200,1527
"174",6061,"Placer County, California",2013,0.745631062674751,0.0117285446313594,0.133647691725495,0.356365830805634,0.62332260945088,27.6305961547328,0.0557347137947129,0.0837597260100906,73328,352500,1172
"175",6089,"Shasta County, California",2013,0.810593362386859,0.00898983126606325,0.0912560062576824,0.173430987739247,0.945372170266175,19.9389619467156,0.186371231716529,0.20123115990908,40332,209700,713
"176",6095,"Solano County, California",2013,0.399719389436613,0.13949782008908,0.252168140342948,0.245353986989045,0.589650053951613,30.7879924953096,0.138132510197332,0.130286431311986,63520,259800,1145
"177",6007,"Butte County, California",2013,0.740267459138187,0.0144941240037823,0.151479130082399,0.26644741475232,0.913708170545269,18.9602078855658,0.196195315156728,0.215304304708734,42752,217600,765
"178",6079,"San Luis Obispo County, California",2013,0.698878249765775,0.021357024775451,0.2173178557605,0.31500169652923,0.901542195083764,20.6796529503433,0.11384168394292,0.153115444671652,58158,436000,1078
"179",6029,"Kern County, California",2013,0.368134665858141,0.0530421559868723,0.508808920941902,0.143791502419404,0.936332004807996,23.2063514784006,0.226952095026759,0.227924902326835,46879,161000,744
"180",6111,"Ventura County, California",2013,0.471510921607394,0.0154820037636073,0.415334317905719,0.312403735210538,0.77962545751028,25.8120546398128,0.089237304144054,0.119130463157564,77363,443700,1432
"181",6081,"San Mateo County, California",2013,0.40698553466609,0.0246048492519799,0.25376886775412,0.459893714896728,0.579019971935896,27.2007835212757,0.0428804185435541,0.0782208216859091,91322,748300,1599
"182",6047,"Merced County, California",2013,0.30058732353701,0.0310757214278116,0.56763718145486,0.13495891095949,0.743494804958075,27.604402567382,0.299828385103827,0.251982028050918,40687,147200,730
"183",6115,"Yuba County, California",2013,0.570698118352877,0.0349740932642487,0.268584674120534,0.151297019707677,0.516722959057583,30.5684369602763,0.250430435990003,0.204907721020253,43801,169800,768
"184",6013,"Contra Costa County, California",2013,0.461604543938293,0.0865404563130309,0.249408474645976,0.390435343446321,0.572172457739587,35.2642759005624,0.0959433567511617,0.108262707758246,79100,424100,1283
"185",6099,"Stanislaus County, California",2013,0.447488158693489,0.0239414185970835,0.434793364681793,0.160447795574256,0.767080041764347,27.0584699704059,0.224966173241616,0.221224659945344,47962,175000,797
"186",6097,"Sonoma County, California",2013,0.649058128377355,0.0130761072673097,0.258544517953639,0.317176221543587,0.834270861786397,24.3581623734103,0.117730903275711,0.124258783239817,61029,406900,1172
"187",6067,"Sacramento County, California",2013,0.471430398507384,0.0963066920816261,0.222571028177366,0.281663782579137,0.811964087729974,25.9753208188251,0.206790928623143,0.189763512904027,52936,238000,890
"188",6017,"El Dorado County, California",2013,0.788942262720305,0.0104766778366541,0.124691174609463,0.335466870405164,0.567909391222275,28.5386838399249,0.0925560304614784,0.122774579273694,61365,352900,866
"189",6053,"Monterey County, California",2013,0.315918344503365,0.02415431900118,0.56814418901839,0.222177542464387,0.875743356121035,22.7865829285723,0.0772848495579138,0.178550734558861,57052,363800,1139
"190",6083,"Santa Barbara County, California",2013,0.462766555656798,0.0159216152509657,0.440934869875166,0.321502069161634,0.927408129175947,19.4050330696814,0.0863951245177131,0.163301511802416,62421,437300,1237
"191",6025,"Imperial County, California",2013,0.126783853576768,0.0254609704163458,0.818228152040955,0.126732449532992,0.929548024534832,18.8837155266403,0.249521292375738,0.2208834130993,43310,148400,639
"192",6001,"Alameda County, California",2013,0.331156488953322,0.113449883494174,0.226745861493922,0.424165340641885,0.646120273970674,30.3920610075333,0.131073032976108,0.129366887232655,72399,518900,1236
"193",6055,"Napa County, California",2013,0.544674543562847,0.0210367287601727,0.333558998332454,0.322319124136209,0.778135001027629,22.9134328821557,0.0654372764277785,0.0900772761265158,70914,443000,1197
"194",6075,"San Francisco County, California",2013,0.413690739179549,0.05507127657796,0.153318080535727,0.530396256305182,0.747746317591952,31.4936056910938,0.128716531633989,0.137779735939469,77485,778000,1440
"195",6031,"Kings County, California",2013,0.339838367779544,0.0645535241123476,0.526967408585056,0.129040656050679,0.775407199245688,20.7464068255998,0.208478694243708,0.21403281941803,45774,169200,694
"196",6019,"Fresno County, California",2013,0.312526693967791,0.0488960212379301,0.515656273815207,0.198141277660709,0.91153735724301,21.9900817445006,0.283555869517732,0.287926310515037,43925,185200,738
"197",6059,"Orange County, California",2013,0.424432861551463,0.0157550677297412,0.342277698521335,0.371188783370097,0.844554496328733,26.7955736745996,0.0836532046757616,0.134887190672305,74163,539000,1429
"198",6101,"Sutter County, California",2013,0.4860513896172,0.0226533822758259,0.295731515469324,0.184017486049246,0.561224770768511,26.2499281072065,0.151547401132349,0.173500738866504,49139,177800,835
"199",6077,"San Joaquin County, California",2013,0.345670441623047,0.0654519796870719,0.400909169637369,0.171767458561616,0.725561897966465,31.3329611830516,0.178063272646918,0.199405822418833,51432,208900,849
"200",6033,"Lake County, California",2013,NA,NA,NA,0.144777526808623,0.802443263136373,24.6650829960702,0.189467070314731,0.245620709880947,37079,166400,764
"201",6033,"Lake County, California",2014,NA,NA,NA,0.177050030242807,0.781900885803208,24.7684579561509,0.150944616977226,0.258587967356235,34529,159300,759
"202",6083,"Santa Barbara County, California",2014,0.458526600524658,0.0156262764711756,0.444452513002986,0.319855184327563,0.936105784794681,18.5452396280778,0.126912730480619,0.179767688335337,63833,476400,1307
"203",6025,"Imperial County, California",2014,0.122027349224696,0.0187893305637916,0.822754912307151,0.148000372890836,0.911255525615963,22.2862589153791,0.229337502212259,0.237336808462963,39290,156000,658
"204",6001,"Alameda County, California",2014,0.326420724542048,0.111397144863094,0.226746687143566,0.427823959873917,0.635725666970815,31.1170690048154,0.10719763103849,0.124663120433024,77214,587600,1312
"205",6055,"Napa County, California",2014,0.536575208058334,0.0219881835572152,0.336754501754114,0.337220790596767,0.747975114450053,23.4360365948209,0.0661373426809697,0.0827444030525516,74123,511800,1365
"206",6075,"San Francisco County, California",2014,0.408379659553603,0.0521062936012922,0.152820806387094,0.542332444306857,0.765946565155292,31.7323110071053,0.0941611589065712,0.120351993740637,85070,846800,1538
"207",6031,"Kings County, California",2014,0.335331971331412,0.0598060810945704,0.531906115033706,0.114742104621388,0.764874120347721,22.5217684511177,0.244328746746002,0.266376035653396,42784,169200,712
"208",6019,"Fresno County, California",2014,0.306285676426074,0.0466120206133913,0.519445657957668,0.196608214319534,0.913329957159086,21.9982411206574,0.288843084061615,0.27726514308828,43423,204700,760
"209",6059,"Orange County, California",2014,0.418260284881808,0.0153040122205744,0.343448052226742,0.379556981168571,0.837623354254931,26.9948702866436,0.0922446889503616,0.128357395559579,76306,591800,1489
"210",6101,"Sutter County, California",2014,0.474662743747848,0.0236418458585037,0.298913894018592,0.180028859093046,0.632591226452378,25.0876732029759,0.113864818024263,0.137963723693358,54433,202000,817
"211",6077,"San Joaquin County, California",2014,0.338147029682908,0.0685287948384356,0.404509800907494,0.183222130932926,0.722619259681499,30.7766881407286,0.207562124974456,0.208531823645299,51659,250800,864
"212",6047,"Merced County, California",2014,0.293681693091499,0.0335231816424069,0.575030129189459,0.138700615931758,0.725914113690494,26.2669174512441,0.273265596686513,0.251938507051043,44084,173000,726
"213",6115,"Yuba County, California",2014,0.565949219911851,0.022023632479788,0.272030392342428,0.149535583320524,0.511163516032102,29.6970175161748,0.22977912783813,0.229493723272175,42143,169700,759
"214",6013,"Contra Costa County, California",2014,0.453864212450027,0.0821522505734074,0.251551506785958,0.396871372008086,0.566809211505452,35.9536807612701,0.0921026276016534,0.105283365146618,80361,474000,1344
"215",6099,"Stanislaus County, California",2014,0.441072036120504,0.0228779485598603,0.440701733280451,0.170184085260542,0.78693273411167,26.2936207309675,0.218034182542487,0.179779936554519,51084,216000,803
"216",6097,"Sonoma County, California",2014,0.641509358534616,0.0130044054272305,0.261037554068424,0.348467196734555,0.845938444356852,24.9266636706496,0.102120030920544,0.112573294647518,67771,469400,1250
"217",6067,"Sacramento County, California",2014,0.463230064789687,0.0976123225908317,0.225115483803928,0.28879598713448,0.809626241907672,26.401299525623,0.18234788038177,0.182103435250307,55842,273800,900
"218",6017,"El Dorado County, California",2014,0.785610119779121,0.00743362445176337,0.126743023808353,0.31057628581557,0.595549381353622,27.3801706235618,0.111224693882086,0.126151813728188,71113,376800,905
"219",6053,"Monterey County, California",2014,0.309775956081457,0.0245604436366334,0.573711469268148,0.230720213341977,0.890227063948737,21.3337621674333,0.0981694764368775,0.172190776340022,57864,391200,1137
"220",6073,"San Diego County, California",2014,0.465905667991755,0.0464174054852087,0.331867902217023,0.370904594431046,0.970339158335079,25.0075477816511,0.102055409495852,0.146731363422875,66192,457300,1295
"221",6107,"Tulare County, California",2014,0.30215540006722,0.0146486889947141,0.629219245828223,0.123146462141832,0.868876072220164,22.5085245543569,0.303737637455961,0.285968263783832,42611,170300,682
"222",6113,"Yolo County, California",2014,0.481299677248422,0.0258827496507539,0.314547906931933,0.398365264303937,0.650374505293226,21.9590918899274,0.142841019390081,0.212606591380502,53765,349000,999
"223",6023,"Humboldt County, California",2014,0.75187858377408,0.0123137179268446,0.10826428502548,0.279054986960047,0.983346772779862,17.3881947192854,0.205848662489051,0.212160737712999,40598,272200,799
"224",6057,"Nevada County, California",2014,NA,NA,NA,0.352091132310913,0.753555200785951,24.8908703024999,0.108482060717571,0.106629507125648,56917,347700,981
"225",6039,"Madera County, California",2014,0.354142402360432,0.0333488624893237,0.561417811941921,0.122219317052764,0.698897574664261,25.4456911654292,0.262078710802441,0.221634513534384,42433,201100,786
"226",6045,"Mendocino County, California",2014,0.662315492380703,0.00588375877727071,0.240983737154173,0.240439368448298,0.931030677554624,19.0107871720117,0.245928589776522,0.185059619872517,42660,318800,818
"227",6087,"Santa Cruz County, California",2014,0.580988506423747,0.00776662595105296,0.332268840782328,0.395136536231555,0.772051021909682,26.2186527625936,0.124042207792208,0.168029071435402,65368,615200,1370
"228",6037,"Los Angeles County, California",2014,0.266399682505322,0.0793404571943138,0.484124524734091,0.303303524373542,0.926225237720264,30.0970196610466,0.139958273162123,0.186752962808674,55746,464400,1145
"229",6065,"Riverside County, California",2014,0.370943956285035,0.0587089265267974,0.474384474799197,0.207337864825802,0.697423135080645,31.8747158656076,0.150518104146961,0.170911136274488,57006,279500,1044
"230",6071,"San Bernardino County, California",2014,0.304318005281596,0.0784760527099302,0.516528536380673,0.188864227642903,0.703526503238355,30.8509789839734,0.215141418389243,0.205595900852853,52041,261600,981
"231",6085,"Santa Clara County, California",2014,0.331114928969363,0.0242351308056297,0.265523420449117,0.483563667404882,0.869634362446129,26.8610706550048,0.0710415967984803,0.0841681024104946,97532,746500,1717
"232",6041,"Marin County, California",2014,0.716103547459252,0.0212310642377756,0.159639501438159,0.552168883747831,0.630920857960107,32.6607784531686,0.0680124072299722,0.0879100604909146,95749,862800,1699
"233",6061,"Placer County, California",2014,0.741082718580338,0.0150284911782273,0.134984691708771,0.365127383581672,0.625050364455514,27.0792962270609,0.0631021501946022,0.0847583905939423,75390,386200,1143
"234",6089,"Shasta County, California",2014,0.806900847589598,0.0113957420302107,0.0941080287424084,0.207723870824372,0.92529537366548,19.7580343936293,0.123151087595532,0.137658691681512,43706,226900,738
"235",6095,"Solano County, California",2014,0.393922032978375,0.135063356613187,0.256353637293537,0.249170180317574,0.558580344037424,31.6299765678231,0.121757816898765,0.123341417331048,67999,304100,1161
"236",6007,"Butte County, California",2014,0.730932345110841,0.0143773886131439,0.154516792201248,0.270621715377745,0.921960397813816,21.2177940982348,0.195354684473023,0.223013520683535,42365,225400,784
"237",6079,"San Luis Obispo County, California",2014,0.693865265888643,0.0193920804921833,0.220439797479603,0.338585422727818,0.908907620181213,22.2040373549665,0.0913142040867027,0.148126888791743,63474,459900,1136
"238",6029,"Kern County, California",2014,0.359971369408945,0.0493534677431342,0.515471838772269,0.154086376311374,0.950695014562061,23.7639724572863,0.241439611036142,0.247510793588579,47644,183100,739
"239",6111,"Ventura County, California",2014,0.465471803804873,0.015021662108918,0.419830106667864,0.316320435388598,0.783592133032901,26.1598075895243,0.0910544893006839,0.113328190582057,75449,483100,1422
"240",6081,"San Mateo County, California",2014,0.402343322598378,0.0242202217034173,0.252580805477596,0.475455729408229,0.567859973478271,27.9803339107161,0.0567967821035803,0.0734893479535546,101051,836300,1725
"241",6047,"Merced County, California",2015,0.288942280829189,0.0276917919204336,0.581512730252743,0.144463362138199,0.714149864837431,24.9532204222443,0.283032046698043,0.267305595583919,41997,210100,743
"242",6115,"Yuba County, California",2015,0.559711109917844,0.0318826182677334,0.275345003490308,0.137730296827021,0.473862622658341,28.8264615153111,0.232285020608661,0.231747591364393,50451,206800,767
"243",6013,"Contra Costa County, California",2015,0.448259366582501,0.0867649734411957,0.252964069066204,0.401907845501414,0.561894869890463,37.4118278372331,0.0969198021884772,0.102553361742806,83104,522500,1427
"244",6099,"Stanislaus County, California",2015,0.434084712140687,0.0257750915696487,0.44766228073434,0.164438688054475,0.764962498086637,27.9711308541185,0.22532767009525,0.19662919240208,52363,243500,863
"245",6097,"Sonoma County, California",2015,0.637551628410861,0.0139740234911759,0.263264070608946,0.328151284064147,0.862661839602381,24.4949435224968,0.120313017555482,0.110697136292107,66674,512100,1270
"246",6067,"Sacramento County, California",2015,0.458437990188732,0.0956488725034719,0.227430253740837,0.296059828351134,0.802388601717323,26.97394478815,0.198850733311486,0.168589354927691,58942,301200,943
"247",6017,"El Dorado County, California",2015,0.782236028885564,0.00794244573113872,0.128120052913495,0.331950647187949,0.5451288570438,30.6925962876052,0.0799632352941176,0.0873095610639875,79019,413100,971
"248",6053,"Monterey County, California",2015,0.306035058930901,0.0231344693914238,0.578274156599016,0.232735275439967,0.89994060475162,22.2953984287318,0.0959947661395844,0.153030944296419,60494,429100,1201
"249",6073,"San Diego County, California",2015,0.460119514317381,0.0486085707592102,0.33406545980462,0.371772804728747,0.970319391352007,26.104547745297,0.120005101403971,0.137875171855167,67320,485900,1348
"250",6107,"Tulare County, California",2015,0.295940312658335,0.0134605306362982,0.635850242354788,0.141910662274683,0.845841549704211,25.025361479357,0.31359693074126,0.276355643477305,42413,174300,718
"251",6113,"Yolo County, California",2015,0.47539151988583,0.025838434671574,0.31529556465242,0.424939245448389,0.636315576701807,22.8458613947426,0.131217685862007,0.183238227268512,58966,366100,1062
"252",6023,"Humboldt County, California",2015,0.747087904396325,0.0121346526483308,0.111267470731689,0.272398939695162,0.969019271336122,19.3762995783051,0.255915217878526,0.21027150108555,40484,278400,805
"253",6057,"Nevada County, California",2015,NA,NA,NA,0.339356974121478,0.750763436482085,25.2352908951463,0.10324449594438,0.133621480560256,54177,383400,994
"254",6039,"Madera County, California",2015,0.351288403721338,0.0314778255203293,0.567000864527284,0.153895268008856,0.639068588869906,26.4349314390866,0.215317594154019,0.233846889625252,47150,232800,800
"255",6045,"Mendocino County, California",2015,0.658204885395156,0.00511129619276888,0.245342217252906,0.269560876636447,0.916142086330935,21.1629689895797,0.193811465579276,0.212490079828206,41896,344500,873
"256",6087,"Santa Cruz County, California",2015,0.575682300671905,0.00788266106381271,0.333034222640491,0.371449593637492,0.80178658031007,26.2468539382781,0.13734827906337,0.161472969324547,65139,668300,1386
"257",6037,"Los Angeles County, California",2015,0.264181598719093,0.0799122581731183,0.484416868266909,0.308471321313652,0.92817727558824,30.8817455398621,0.13770675076027,0.166448577353888,59134,497200,1181
"258",6065,"Riverside County, California",2015,0.366457209704595,0.0598269565858233,0.47888121520051,0.207344135106915,0.702967762428544,33.2265159419265,0.145837304360718,0.161834892539129,58292,312700,1058
"259",6071,"San Bernardino County, California",2015,0.29853632268284,0.079194298476646,0.521883265754537,0.19407941004324,0.706688120325034,30.374563052964,0.218806540416327,0.190450150755427,53803,281300,992
"260",6085,"Santa Clara County, California",2015,0.326010769304562,0.0235771442156697,0.263328682762231,0.495010699505861,0.869031738373704,27.9967511057138,0.0714739809630705,0.081636080620431,102340,836800,1834
"261",6041,"Marin County, California",2015,0.713380624069275,0.0260315977658764,0.160366126766225,0.589317578846566,0.635516355085428,31.604724013155,0.0415727788279773,0.0706910682284294,100662,906500,1717
"262",6061,"Placer County, California",2015,0.735593021676066,0.0180212098851597,0.137645814630612,0.369357055618728,0.624523699243477,27.1775671448422,0.0804107507727773,0.0904699307241304,75708,407400,1157
"263",6089,"Shasta County, California",2015,0.803807656531111,0.0137022163056374,0.0962664245570452,0.219810949192596,0.933684616373217,18.7785489528914,0.183630261942837,0.196443825913794,46693,238900,762
"264",6095,"Solano County, California",2015,0.388243765077094,0.137374682406465,0.260231785953423,0.256928570462446,0.603518126453906,30.9447019615932,0.137928693358163,0.120767916203389,67443,344900,1201
"265",6007,"Butte County, California",2015,0.728917399771972,0.0114501954208091,0.157498968550781,0.277720725161573,0.915292328678287,19.710980614122,0.199531486840292,0.217618561958185,45644,246700,831
"266",6079,"San Luis Obispo County, California",2015,0.692126182920459,0.0189622638156936,0.222159835963625,0.340899499447095,0.894371614848431,21.0273218995145,0.0972119268414444,0.149480367560492,62648,508200,1169
"267",6029,"Kern County, California",2015,0.354020059489263,0.0542102709663378,0.521708820008706,0.161862296820122,0.953824504916318,22.809003939565,0.216547091740029,0.218772067707539,51342,197100,766
"268",6111,"Ventura County, California",2015,0.459705409294845,0.0160146072594223,0.423452975535427,0.327337938175036,0.778167078695396,27.1803802503182,0.108588261494544,0.0962009351910241,80032,528700,1465
"269",6081,"San Mateo County, California",2015,0.398226456769067,0.023134479536291,0.251448437203892,0.471023764655849,0.582866460299869,27.7602243010811,0.0619995153342847,0.0846630148466644,101272,917600,1855
"270",6033,"Lake County, California",2015,0.714960288585097,0.0152033565047762,0.196358625814742,0.125013381291883,0.736093863743416,30.7946297262678,0.218548437597846,0.19439217162213,37294,167600,639
"271",6083,"Santa Barbara County, California",2015,0.45351856806567,0.019162756397141,0.448482245839975,0.332102108897665,0.9357536445162,20.0644293940086,0.115300154141768,0.157498338971829,63625,547600,1340
"272",6025,"Imperial County, California",2015,0.118707371622334,0.0215771042948871,0.826728304965287,0.143267524198123,0.91329276266157,20.4612993906378,0.293764260751524,0.250854557542169,40852,169000,636
"273",6001,"Alameda County, California",2015,0.323470972979737,0.107127574829922,0.225883659959163,0.451239060758873,0.630140125979025,32.9355787405926,0.101768283614218,0.113669730805078,81717,656700,1435
"274",6055,"Napa County, California",2015,0.521515415286123,0.0206449710787892,0.339038018756669,0.327912702513754,0.77398560642854,24.673540052482,0.0623394675611156,0.10787954686128,75513,555900,1388
"275",6075,"San Francisco County, California",2015,0.408185093707794,0.0502395885367523,0.152765443747572,0.551561007924588,0.748322883413493,33.8950646923149,0.115717931072283,0.123492671268815,92094,941400,1609
"276",6031,"Kings County, California",2015,0.331017123174246,0.0547544132746001,0.536303116616434,0.161062824853883,0.77496577563225,21.9079777365492,0.245542975601977,0.236346558461076,45746,183000,776
"277",6019,"Fresno County, California",2015,0.302775472605838,0.0463286560853291,0.52397316130197,0.192154007652975,0.918525872993063,21.84505568736,0.292349664137188,0.252763258734571,46949,220100,760
"278",6059,"Orange County, California",2015,0.412630419310387,0.0160342560483769,0.343575066503122,0.38759329488171,0.844747320461103,27.3042627906558,0.0948800651086829,0.126571391693621,78428,625300,1531
"279",6101,"Sutter County, California",2015,0.471455376672921,0.0104288691000695,0.302644537283725,0.162546840573184,0.575890187550965,25.4143835616438,0.192836544489489,0.18609136842988,52277,230200,760
"280",6077,"San Joaquin County, California",2015,0.332310984897522,0.0652411631359609,0.407717330527499,0.188260382931659,0.713815731478119,31.1120492277743,0.209525699782277,0.173863164043631,53705,278400,880
"281",6073,"San Diego County, California",2016,0.459280072121188,0.0468621948194393,0.335264964287533,0.373681861120852,0.975833019299825,25.9640192501976,0.111415054870788,0.123223011153233,70824,527600,1415
"282",6107,"Tulare County, California",2016,0.287033839591519,0.0113370558838668,0.641017120691864,0.136971410339173,0.848512868837976,22.4385571385268,0.290995959426295,0.251885449312158,45881,186600,712
"283",6113,"Yolo County, California",2016,0.470704627389922,0.0245595499578317,0.315228774524796,0.408573599329527,0.625647277120911,24.0127881637803,0.140570602789516,0.201584507042254,64904,408500,1091
"284",6023,"Humboldt County, California",2016,0.741792661329274,0.00693031629173192,0.113446423605521,0.29461793440335,0.983346339681538,18.0980695392491,0.255079243175312,0.202277640982524,43130,298300,811
"285",6057,"Nevada County, California",2016,NA,NA,NA,0.365670064972796,0.735683478347585,22.0008999128209,0.0910525676824086,0.107129381290856,59022,381100,1082
"286",6039,"Madera County, California",2016,0.346813448224594,0.0288434811276237,0.574031817035883,0.118109662097413,0.672791688082825,25.4300640820852,0.221707381448136,0.203188312708836,51657,235400,819
"287",6045,"Mendocino County, California",2016,0.651892089286529,0.00470169352261834,0.249532113023235,0.221787998191331,0.948259039335396,19.8155537955404,0.238672867622381,0.195474704431501,43809,333900,881
"288",6087,"Santa Cruz County, California",2016,0.575593523935734,0.00999006090878972,0.335264114055623,0.405220033400171,0.76735711112617,26.8445678357082,0.148495867768595,0.137487075781535,77613,712800,1489
"289",6037,"Los Angeles County, California",2016,0.263081905894851,0.0782422223899096,0.485191481680405,0.315106696991246,0.924320957449106,31.5543837893541,0.136739407675801,0.163007983091991,61338,537900,1226
"290",6065,"Riverside County, California",2016,0.359698560270984,0.060813128392066,0.484210389652814,0.218318743345232,0.699540826512278,33.8424947545814,0.143835193861222,0.153104002610176,60134,329600,1131
"291",6071,"San Bernardino County, California",2016,0.291719623792578,0.0810982311073896,0.527963698824726,0.200081377980525,0.711570537944109,31.8628720605164,0.223248619423483,0.177073403241182,56337,302600,1042
"292",6085,"Santa Clara County, California",2016,0.321575678258124,0.0230702062413189,0.259111952576896,0.509913180658265,0.867523687722064,28.8803923470228,0.0736667782303108,0.0939128234768562,111069,925700,1986
"293",6041,"Marin County, California",2016,0.710762667321437,0.0232763350226932,0.160087626749945,0.59080562491786,0.627326967114794,32.3049224438113,0.0395461269807378,0.0777807952832454,103845,974600,1831
"294",6061,"Placer County, California",2016,0.73138850711243,0.0140014873952451,0.138141176408755,0.390554624243856,0.629502164753404,27.0627338257882,0.0533955362349573,0.0742848521264515,85426,442300,1243
"295",6089,"Shasta County, California",2016,0.802367074725409,0.00892384944692175,0.0977670891995257,0.21849645030426,0.939992682034394,20.5248243874066,0.153072409568638,0.174762572448754,46724,237200,788
"296",6095,"Solano County, California",2016,0.382104328191056,0.138571172198534,0.261645089696438,0.253631689670414,0.591074954818313,32.4609637577418,0.137445985282685,0.116106981992484,73900,377900,1297
"297",6007,"Butte County, California",2016,0.724054940404824,0.0157054446716976,0.159928415262007,0.25769511897994,0.917618814742364,20.4990925589837,0.216929227359088,0.198889362744653,45177,256500,854
"298",6079,"San Luis Obispo County, California",2016,0.691505795600363,0.017155259874084,0.22331178173617,0.361780132450331,0.891232587558104,23.0610495938265,0.0680959506911828,0.106343332545994,70564,547200,1218
"299",6029,"Kern County, California",2016,0.346451353318535,0.0495542435023983,0.528459924863357,0.163052555525321,0.951671482008133,22.6143900084658,0.253982618543254,0.226627661921324,49903,204200,774
"300",6111,"Ventura County, California",2016,0.456596033130212,0.016605118283518,0.425441724390342,0.335526964930086,0.806277530893073,25.7430017140757,0.0968956564016096,0.0948050211123636,80135,561400,1553
"301",6081,"San Mateo County, California",2016,0.394605365868328,0.0209924986630439,0.247528429112562,0.503352724934042,0.560359077572679,29.0448302407137,0.0534722558238308,0.0651348527463945,108627,1002400,2024
"302",6033,"Lake County, California",2016,NA,NA,NA,0.159987397605545,0.750334224598931,36.7745625071486,0.242515811665495,0.204312082650876,42029,217400,714
"303",6083,"Santa Barbara County, California",2016,0.449279422641594,0.0177017728668445,0.45127193670574,0.323634176302411,0.940871772047613,19.5705458342118,0.115279885260554,0.139442826549462,67436,531200,1457
"304",6025,"Imperial County, California",2016,0.110557653289696,0.0200571640231531,0.837541394160866,0.138565723215836,0.90047156449436,21.262017970143,0.267639484978541,0.246386012324251,49095,170900,652
"305",6001,"Alameda County, California",2016,0.319310385846001,0.103805052363774,0.225205498074897,0.453848098186395,0.631576199940752,33.5922341704938,0.0965242203883191,0.106644834827334,89979,713600,1535
"306",6055,"Napa County, California",2016,0.528389347663998,0.0191184952801654,0.339370876299537,0.351198160400194,0.795732933816083,23.6829819389786,0.0710694345908264,0.0725657699624585,75077,599300,1374
"307",6075,"San Francisco County, California",2016,0.406502795425813,0.047808728342483,0.152187367591892,0.572444961258293,0.764548853175721,33.5448387496316,0.0969398599470349,0.101370070749077,103801,1024000,1731
"308",6031,"Kings County, California",2016,0.326407851253463,0.0599659511967153,0.541709784023767,0.115887099401614,0.818459152016546,21.2803077259635,0.226860254083485,0.159888785912882,53234,190500,754
"309",6019,"Fresno County, California",2016,0.298739176357133,0.0464775005995418,0.527865171979202,0.201719253198349,0.905227520304283,22.7752913867766,0.296890649185104,0.256117941304602,48715,238100,784
"310",6059,"Orange County, California",2016,0.409628334718137,0.0156477539076044,0.342531139165815,0.399500670464732,0.84889777704067,27.9050994633982,0.0909261987461422,0.110324636337345,81837,654400,1635
"311",6101,"Sutter County, California",2016,0.467103289153759,0.0172993554127738,0.304611437026001,0.161411277940297,0.584231526583066,26.6166535529207,0.210436305998165,0.188366028131841,51397,254200,787
"312",6077,"San Joaquin County, California",2016,0.327028835682812,0.0686988983370791,0.411814493211886,0.167261231411257,0.716559328549898,33.3226345644327,0.215821540053047,0.14355947640548,59518,316000,900
"313",6047,"Merced County, California",2016,0.281663143163411,0.0305465400190567,0.588822058122916,0.135036634903762,0.749676725252672,27.7529156929906,0.292009459414449,0.202687855228392,47739,231300,761
"314",6115,"Yuba County, California",2016,0.5577416140817,0.0309664563268017,0.278060445034872,0.185902483665695,0.395684178683069,32.316960313223,0.25840492098844,0.148437606187052,49259,253800,786
"315",6013,"Contra Costa County, California",2016,0.442970698432863,0.0819335633810137,0.254344227562202,0.415112767576739,0.576290851749161,37.6307924356872,0.0945047768520176,0.0862317449824247,91045,577000,1590
"316",6099,"Stanislaus County, California",2016,0.42608205923628,0.0279174975995273,0.456091661127114,0.162386574641769,0.73723335339548,28.7502844388928,0.191955943037154,0.141981566305024,54305,274300,867
"317",6097,"Sonoma County, California",2016,0.634871886616177,0.013200946190391,0.265603196374262,0.338691420771698,0.855868321762146,25.080084683262,0.106970861914453,0.0919514016428182,73929,565200,1420
"318",6067,"Sacramento County, California",2016,0.451386632859237,0.09516791463624,0.229545844723532,0.297580387629271,0.805673987829819,27.1462334809094,0.171560225021249,0.164063368054394,59780,326800,980
"319",6017,"El Dorado County, California",2016,0.777346801346801,0.00962693602693603,0.12767138047138,0.339586948588282,0.5499511143423,30.2258024977188,0.093018018018018,0.0835048914430979,75772,426800,1064
"320",6053,"Monterey County, California",2016,0.300428277332549,0.0248603043893831,0.583236067200941,0.24812030075188,0.886567507274998,22.9749918005904,0.0978900531075068,0.125079286054511,63876,481000,1218
"321",6047,"Merced County, California",2017,0.275359129800164,0.0272560906287018,0.595915253802173,0.133795733494597,0.711469534050179,27.2257102826382,0.267535320253607,0.237965829778621,47735,253700,825
"322",6033,"Lake County, California",2017,NA,NA,NA,0.136813175373212,0.744656315637741,31.1671985301228,0.160420475319927,0.208086330477901,48930,210500,767
"323",6115,"Yuba County, California",2017,0.544949435941374,0.0427879684802222,0.283106801157975,0.178406024727156,0.468442733860541,30.8623030532664,0.248069390039172,0.134206742291101,63120,253000,846
"324",6013,"Contra Costa County, California",2017,0.435945614538115,0.0778934653606858,0.256731730401355,0.421632362588815,0.569946250414166,39.0512292636353,0.0929401251117069,0.0926329191728498,95339,642300,1650
"325",6099,"Stanislaus County, California",2017,0.418856395065514,0.0295656681249646,0.463180257675228,0.174808656751673,0.736801431002744,30.5211425525462,0.178435151133598,0.134771553992148,59514,288200,944
"326",6083,"Santa Barbara County, California",2017,0.440948343188664,0.0159232399866116,0.456452080776526,0.352388890693051,0.933371071166749,19.5223859844271,0.130504629478872,0.144672994918882,71106,567600,1511
"327",6097,"Sonoma County, California",2017,0.621361437634987,0.0161299599180512,0.26992346549204,0.358176284419351,0.84502167946219,26.7028763901691,0.110120674431316,0.0918017243457369,80409,628400,1453
"328",6025,"Imperial County, California",2017,0.103954493245091,0.0219493518569163,0.842629765355795,0.150853003038093,0.905991647489986,21.783988957902,0.289614483616277,0.207308535689283,47211,200700,675
"329",6001,"Alameda County, California",2017,0.31305142527312,0.102043663081187,0.224671865511457,0.464263492389561,0.630048790367603,34.3700036695723,0.0948693075779462,0.0921901538386344,96296,781000,1660
"330",6067,"Sacramento County, California",2017,0.446658369348269,0.0927875396490953,0.232548354746295,0.30549513440564,0.807432976308748,27.5696594427245,0.167993464651601,0.140928667412398,63045,353400,1077
"331",6017,"El Dorado County, California",2017,0.777640790107256,0.00859318365813522,0.128463862593723,0.34227356827552,0.576406716372078,30.6873261819627,0.0783659099186597,0.0818707191780822,79414,472100,1121
"332",6055,"Napa County, California",2017,0.522809332283487,0.0215998808282437,0.342796138267612,0.361743768633257,0.740308491271644,25.1983088235294,0.0480731270308846,0.0561167553152944,86562,628500,1648
"333",6053,"Monterey County, California",2017,0.297693345847406,0.0240941569785365,0.587946755818016,0.247879849776316,0.900493653394702,22.5270597017347,0.0928923827595554,0.114186104424338,71274,517200,1355
"334",6075,"San Francisco County, California",2017,0.402217189095428,0.0502734736754025,0.152318674571415,0.578188676559553,0.773899236477862,33.8450480449641,0.098983173385263,0.0995857819600347,110816,1104100,1781
"335",6107,"Tulare County, California",2017,0.283571550055652,0.0135803984128932,0.647256255745512,0.142689264547021,0.845779804150571,21.415527800493,0.293100367692004,0.245736561077079,46266,204300,739
"336",6113,"Yolo County, California",2017,0.464936380729842,0.0245440771098414,0.317649099107322,0.387964668060801,0.641766530810877,25.0481354311544,0.17792624500022,0.185106836090012,65729,430400,1109
"337",6023,"Humboldt County, California",2017,0.742479196220951,0.0133158810711204,0.117108091902248,0.336486881888228,0.984489824148842,18.5449344548003,0.205329652829387,0.204790911469038,46494,325200,800
"338",6057,"Nevada County, California",2017,NA,NA,NA,0.369118010162311,0.728736421793826,26.1143357398124,0.0810256792516119,0.11881661864864,65385,437200,1040
"339",6039,"Madera County, California",2017,0.336917585569507,0.0353432341130729,0.579514309388744,0.152509128217508,0.634039419232658,26.7477552531704,0.225901031726274,0.226307714144739,51283,240800,819
"340",6045,"Mendocino County, California",2017,0.647981094776069,0.00880501715558181,0.253754913767638,0.261534543949835,0.940759990453714,19.7611354719594,0.144922041609402,0.15795670995671,53024,409900,958
"341",6087,"Santa Cruz County, California",2017,0.569795974584718,0.00842343338274791,0.339206298002515,0.401522543231518,0.770802244374142,28.3133627494636,0.13803705933072,0.127389907389907,79705,775000,1580
"342",6037,"Los Angeles County, California",2017,0.260221889944091,0.0781457620878305,0.48601383361078,0.322681898037977,0.924412383097949,31.7295316533235,0.125557160554171,0.148671160613417,65006,588700,1292
"343",6065,"Riverside County, California",2017,0.351378676546446,0.060866202884867,0.49065723696862,0.221852090951077,0.70444164637078,33.4272377757171,0.124005084429607,0.129035165116138,63944,352700,1152
"344",6071,"San Bernardino County, California",2017,0.28439226032769,0.0775260451913503,0.534211487509989,0.20502845091104,0.694536912540769,31.8419234122175,0.194232042491066,0.161587443650641,60420,326600,1083
"345",6085,"Santa Clara County, California",2017,0.313625910854303,0.0243706250228955,0.255924067914143,0.516808338596284,0.854649368286761,29.7585891562784,0.0637941788855017,0.0740465892397922,119035,971300,2131
"346",6041,"Marin County, California",2017,0.703194037286122,0.0167806709969152,0.161238527715507,0.585895060923109,0.619697018172511,32.9661419119325,0.0614155838262211,0.0816834599043453,113908,1014000,1966
"347",6061,"Placer County, California",2017,0.726594262571019,0.0154104711445337,0.140455141053329,0.371761600731358,0.624671175188827,27.9116069796898,0.0592241404435981,0.0848920225035749,80728,468400,1356
"348",6089,"Shasta County, California",2017,0.79543243979302,0.0156124076678098,0.101099927190267,0.230149378840238,0.935930701369207,19.1639443349116,0.185339301851502,0.176967383409625,52439,248900,805
"349",6095,"Solano County, California",2017,0.378590125219437,0.133116926848322,0.265340391237782,0.266181184918976,0.572361995546353,33.0089266944568,0.13364141343416,0.0988492954118989,77133,411700,1402
"350",6007,"Butte County, California",2017,0.720062452571807,0.0179812816733102,0.163846415518941,0.266106776262235,0.894927459939778,21.01913155156,0.208136848737089,0.182961307520396,49061,268900,862
"351",6031,"Kings County, California",2017,0.317432928494813,0.0576478504473654,0.548250844431416,0.132222973916218,0.747287964216552,24.1558993696741,0.203330616047514,0.181654597642533,57555,224500,735
"352",6079,"San Luis Obispo County, California",2017,0.687048570067571,0.0155925265962139,0.226276882906088,0.345524863632275,0.882272661426208,21.5291871880475,0.0588973207371844,0.120740362828804,71880,574400,1312
"353",6019,"Fresno County, California",2017,0.29279205058352,0.045122844969194,0.531647552956518,0.203944568330723,0.905657018494002,23.2743407959874,0.275842186892412,0.211078780151761,51800,248700,796
"354",6029,"Kern County, California",2017,0.339114944369115,0.0499384740443323,0.534348726205578,0.160426003388412,0.937815081062271,23.6988738225346,0.217820779089205,0.214436129349986,49854,205700,801
"355",6059,"Orange County, California",2017,0.403521502006018,0.0163760030090271,0.342241411735206,0.402811088181159,0.849210283116577,28.1024317154548,0.0919998551014357,0.114692790790492,86217,679400,1704
"356",6111,"Ventura County, California",2017,0.450801488604264,0.0168059160195874,0.428770941545709,0.334389553862894,0.7745582780164,28.0797456928692,0.105338315078309,0.0933243582392195,82857,592500,1643
"357",6101,"Sutter County, California",2017,0.459564605579008,0.0202280440360897,0.31039442099164,0.168266445359598,0.497094108237803,27.7704821638573,0.199138809148995,0.119947930882446,55062,278300,874
"358",6081,"San Mateo County, California",2017,0.389840681349736,0.0223629457746205,0.244946267224952,0.516450068399453,0.57372274169901,29.4120282656562,0.0338939509054238,0.0622506893427416,116653,1087100,2163
"359",6077,"San Joaquin County, California",2017,0.315847088368499,0.0680055914486252,0.4159605808238,0.188807711433271,0.699471122359314,33.4882288529975,0.170938937494363,0.154925430770642,61164,349200,967
"360",6073,"San Diego County, California",2017,0.453077207705341,0.046061866233632,0.338549024248843,0.387847035010651,0.974507078875259,26.3344427473955,0.10831468856196,0.118078137388022,76207,563800,1506
"361",6033,"Lake County, California",2018,NA,NA,NA,0.184188197361164,0.763732707709732,33.8517674441158,0.205612722170253,0.176136002542104,48554,245700,891
"362",6047,"Merced County, California",2018,0.27054027987553,0.029461539861336,0.602107255290885,0.146490485479775,0.68527763909691,29.1190282327545,0.200959000983148,0.220409119300437,57745,261100,848
"363",6013,"Contra Costa County, California",2018,0.429806601374526,0.0854118577831101,0.258434292719187,0.436475546093133,0.564231284340353,39.9780497042688,0.0812877954438753,0.0773302717317476,101618,670000,1721
"364",6099,"Stanislaus County, California",2018,0.410257995871339,0.0289551940198067,0.469856224366378,0.166211768483584,0.734911505628986,31.0517212426532,0.187196419800251,0.15579509098867,60321,318900,983
"365",6083,"Santa Barbara County, California",2018,0.438589379813539,0.020379506726357,0.458395572944077,0.347876911753564,0.920699638118215,22.1048042230797,0.126690348965641,0.125436120515907,77472,629400,1562
"366",6067,"Sacramento County, California",2018,0.440788461850452,0.0954265967974821,0.234473628709097,0.314172902154269,0.809329382096509,28.3898080781042,0.160649769251752,0.142778711778922,69767,376800,1152
"367",6017,"El Dorado County, California",2018,NA,NA,NA,0.359184143811938,0.574826065208494,30.0595058257911,0.0919899749373434,0.0794086154787461,82742,486600,1163
"368",6053,"Monterey County, California",2018,0.295252000716263,0.0250324843776544,0.59131209337135,0.248498609256987,0.892551029424759,23.9382089666359,0.107338432904066,0.133570118281008,70681,563000,1403
"369",6075,"San Francisco County, California",2018,0.400209440680173,0.0497597092736937,0.152454701377214,0.598279162782091,0.775659276368196,33.0065890487569,0.093241828675067,0.100131420549207,112376,1195700,1822
"370",6073,"San Diego County, California",2018,0.450578818220212,0.0477737392638074,0.339582528255972,0.383622818543853,0.972059349628004,26.6097622570294,0.108426043058298,0.113880295274642,79079,606200,1578
"371",6107,"Tulare County, California",2018,0.279744387274316,0.0130167582175799,0.651818890183982,0.159149044400843,0.841136849022507,23.3609987940697,0.274532415931776,0.225111729964034,48817,220700,740
"372",6023,"Humboldt County, California",2018,0.738511288891496,0.00988465458705169,0.118461865618561,0.299685836743066,0.9855873609673,17.4811256005491,0.249450660897198,0.210377110200399,50294,326400,865
"373",6039,"Madera County, California",2018,0.333274138718352,0.0319777766502613,0.583102897153585,0.153831450387823,0.605726330581416,31.8447407785764,0.219985813087427,0.209043751005308,56305,273500,792
"374",6087,"Santa Cruz County, California",2018,0.566268618621356,0.00992142349273486,0.340701172266686,0.401282271135623,0.760003632868377,27.3686518834283,0.146465374937898,0.122782253437077,86941,815100,1610
"375",6065,"Riverside County, California",2018,0.344532997546065,0.0615128054259131,0.49553852318344,0.222157151357615,0.715726769694628,33.5545739805934,0.113259594730195,0.12708399598078,66964,364900,1207
"376",6071,"San Bernardino County, California",2018,0.278256661093211,0.0783098936592001,0.539658952395995,0.214290910784023,0.715430526394321,31.7387942269416,0.167047979725372,0.148634203267958,63857,353400,1130
"377",6041,"Marin County, California",2018,0.711175124968228,0.0242195743763142,0.161153173692359,0.614541034199096,0.616568350859195,33.7482269819888,0.0235957217036259,0.0602641435048295,126373,1071200,2072
"378",6061,"Placer County, California",2018,0.71867154691987,0.0171385403498419,0.142505767533429,0.409130733861917,0.66034655527658,27.8110227761066,0.0422635243277849,0.0750014124076157,88592,488400,1438
"379",6089,"Shasta County, California",2018,0.791985114419018,0.0113030437680515,0.10308820262164,0.222171478964733,0.907808982106885,22.3459071638222,0.179157061458832,0.150808742798284,56280,265000,823
"380",6095,"Solano County, California",2018,0.372864467880253,0.129511206645619,0.268623631356217,0.276784615882677,0.571351265616107,35.0775149993366,0.100794754436535,0.0732672404301391,84395,442700,1509
"381",6007,"Butte County, California",2018,0.714407409969903,0.0149877192375549,0.166603244888781,0.261673380768023,0.892579296878972,22.7645597751487,0.196630850836458,0.187583170124628,51652,274200,897
"382",6031,"Kings County, California",2018,0.315169853203493,0.0613479909623033,0.549661086373426,0.147259366085915,0.70237788966886,23.9042895493403,0.209569491324688,0.191879468845761,61663,231100,851
"383",6079,"San Luis Obispo County, California",2018,0.68454279778881,0.0165804020985177,0.228069434174853,0.347176700214122,0.889061281709997,22.2739160708524,0.0685452707924618,0.131456820016142,71148,593100,1291
"384",6019,"Fresno County, California",2018,0.289119066773934,0.0423451327433628,0.53467115848753,0.21779936801396,0.904077669902913,23.1279558796075,0.251009854001377,0.214974070806525,52629,274400,835
"385",6029,"Kern County, California",2018,0.33404663880352,0.0526392674103778,0.539546636573279,0.161642058329069,0.929829135189129,23.4703744802273,0.23447452623654,0.205680952710656,51579,226400,809
"386",6059,"Orange County, California",2018,0.399024723412162,0.0165588606037474,0.341576249353415,0.410343488875867,0.844196254333856,28.3210191117352,0.0834360284336209,0.104529368808143,89759,709800,1790
"387",6111,"Ventura County, California",2018,0.449199557679675,0.0165823116525083,0.430214097608955,0.32477334054759,0.787951743094404,27.026522317717,0.105220631375253,0.0889077629078607,84566,614400,1657
"388",6101,"Sutter County, California",2018,0.452994101666202,0.0206699928724163,0.315328436993193,0.191816940533923,0.534279908687254,28.760753189336,0.147607461476075,0.13054559184444,59121,314500,842
"389",6081,"San Mateo County, California",2018,0.383537025125236,0.0202730184719542,0.243143675808432,0.525878590799563,0.588955490371126,29.7037954330321,0.0456646066367359,0.0678251817481564,124425,1209000,2320
"390",6077,"San Joaquin County, California",2018,0.310047033188956,0.0700781229240294,0.419274307124067,0.179461086908987,0.687346152023131,37.2067389800728,0.204805950989157,0.142201043041429,64119,366000,1034
"391",6115,"Yuba County, California",2018,0.541804948680822,0.0267807947104727,0.287387398931331,0.165402920061305,0.361464662615926,29.6771186440678,0.204427301693778,0.176047857161557,46574,273600,767
"392",6097,"Sonoma County, California",2018,0.628052854131079,0.0146396982049918,0.271589504382508,0.361231111985524,0.860141017055974,25.3855758368512,0.0731304333090441,0.101045423308257,81395,655200,1528
"393",6025,"Imperial County, California",2018,0.102894509616284,0.0224829095788854,0.845622487309366,0.140952380952381,0.926908393819737,24.4595168569153,0.268836061314627,0.231494671232797,48984,214400,638
"394",6001,"Alameda County, California",2018,0.309367374769987,0.101178158971365,0.223812406517342,0.482915129928976,0.638944378080487,34.834615166881,0.0971677331375223,0.0890009965501224,102125,842000,1791
"395",6055,"Napa County, California",2018,0.517820638803015,0.0156724072387155,0.345015313770917,0.348642621877621,0.793649840945922,27.7949055211575,0.105825066537624,0.0910566846327675,87025,665100,1587
"396",6113,"Yolo County, California",2018,0.460972378498058,0.0250762222786832,0.318781532430765,0.420189832312183,0.650387644851334,23.4879520750439,0.169950685875487,0.216037984700607,68670,461800,1185
"397",6057,"Nevada County, California",2018,NA,NA,NA,0.373751709545067,0.730799791141683,24.7250981284487,0.0868148492959386,0.103228159766551,66299,456000,1030
"398",6045,"Mendocino County, California",2018,NA,NA,NA,0.236605033803046,0.93551453695635,19.6332196925922,0.146456399010871,0.189999883557098,51830,381900,939
"399",6037,"Los Angeles County, California",2018,0.259235498863096,0.0775746478310167,0.486396343067223,0.325388634698907,0.923923616937563,32.2124187479361,0.125797581689006,0.141413711116012,68093,625200,1376
"400",6085,"Santa Clara County, California",2018,0.309249730332324,0.0242422209262117,0.253154724732526,0.537756460549916,0.862114042381636,29.5580949065327,0.0575358543435564,0.0722436311218339,126606,1110600,2225
"401",6033,"Lake County, California",2019,NA,NA,NA,0.154304242783877,0.857521254325629,24.8183489886189,0.204174598857764,0.189180255619216,47138,255200,831
"402",6115,"Yuba County, California",2019,NA,NA,NA,0.178707449432659,0.452812944282716,27.227343363707,0.181084076634823,0.147093356990033,58765,287600,839
"403",6097,"Sonoma County, California",2019,0.627239367555671,0.013041736794407,0.27300055023304,0.374450050678874,0.85470190975264,26.103736543762,0.0756150003678965,0.0678889572205162,87828,664600,1648
"404",6025,"Imperial County, California",2019,0.10009657037221,0.019998344507905,0.850304886460834,0.184054404724621,0.857485445885155,23.6660363537248,0.257436377657816,0.25102616877389,48472,229600,677
"405",6001,"Alameda County, California",2019,0.304307530115256,0.103341711895145,0.223208596272786,0.506075188246743,0.619950148028827,35.5887167240623,0.0824993584808827,0.0886000365207864,108322,882100,1879
"406",6055,"Napa County, California",2019,0.514693924962249,0.0220045882216285,0.346011441514694,0.361640693793132,0.757896602135294,26.9249188695296,0.0261684017340126,0.0675999345423169,92769,670000,1701
"407",6113,"Yolo County, California",2019,0.458412698412698,0.0263628117913832,0.319238095238095,0.398748933317079,0.602353081582114,23.9838202151635,0.176417735801747,0.180887516991391,71417,469300,1318
"408",6057,"Nevada County, California",2019,NA,NA,NA,0.358196551007687,0.737775229357798,29.1408360486813,0.0831605710932916,0.0844748165021514,68818,485000,1213
"409",6045,"Mendocino County, California",2019,0.643465630727732,0.00948714106214481,0.257974155321675,0.23303715014376,0.89613759973496,22.7624497370863,0.110406902428632,0.132432368964869,51744,431000,995
"410",6037,"Los Angeles County, California",2019,0.258686355270444,0.0774167463301268,0.486295245184656,0.337500614081734,0.92636950538142,32.7625860767115,0.137418215052739,0.133870522200699,72797,644100,1471
"411",6085,"Santa Clara County, California",2019,0.304204368385125,0.0240194786736741,0.2501737685258,0.53695506192802,0.864463112164059,30.0591709414437,0.0524609522714356,0.0605453167911627,133076,1135300,2295
"412",6047,"Merced County, California",2019,0.263677614520311,0.0318099971189859,0.610205992509363,0.144368804490625,0.677848275862069,31.1352459803677,0.233875781470893,0.167618062991544,61167,282900,893
"413",6013,"Contra Costa County, California",2019,0.424504519187257,0.0863569611781616,0.260436262381602,0.429800034156624,0.573087273026163,39.2680324657366,0.0730226625701158,0.0791569697017402,107135,687600,1798
"414",6099,"Stanislaus County, California",2019,0.402740347946101,0.028712817346457,0.47591617331929,0.173302744157973,0.724117328715229,31.7378588713493,0.144308455942045,0.127212486469091,63037,335400,1046
"415",6083,"Santa Barbara County, California",2019,0.435626955491502,0.0195722722783254,0.460328018651777,0.345060251352691,0.92361940403765,21.3135635786471,0.118222589017146,0.119801968527141,75653,593800,1558
"416",6103,"Tehama County, California",2019,NA,NA,NA,0.162684968634565,0.719058224626153,27.4132117882118,0.211016559337627,0.18316568786705,53475,243500,824
"417",6067,"Sacramento County, California",2019,0.437049388618209,0.0930480690798926,0.236308179204643,0.31230775334991,0.80363793138845,28.5593746360177,0.157942555766999,0.125908931962051,72017,390200,1224
"418",6017,"El Dorado County, California",2019,0.771150625119916,0.00730646173311969,0.131599280243514,0.353288566038798,0.559268578715458,28.9095747980694,0.0739716284032086,0.0933630927314074,87059,502000,1153
"419",6053,"Monterey County, California",2019,0.291417565733848,0.0258304708324406,0.593743736479435,0.257023502828111,0.887036883804638,25.1256187109056,0.106930224045304,0.1267384014622,77514,602900,1523
"420",6075,"San Francisco County, California",2019,0.398174123049314,0.052252342184042,0.152355683007978,0.591952703560209,0.781501534156366,34.7027816914426,0.12001906293748,0.0949185673008325,123859,1217500,1889
"421",6073,"San Diego County, California",2019,0.447898799699251,0.0468566618638661,0.341497994506235,0.398976249763932,0.972389491270141,27.1816003802269,0.0910558368185487,0.102565914318375,83985,619300,1662
"422",6107,"Tulare County, California",2019,0.275633586803805,0.0119241948111842,0.656000171602012,0.136356264213914,0.844932279725307,22.6365076144421,0.281331849996058,0.18763314638494,57692,244700,837
"423",6023,"Humboldt County, California",2019,0.738267014857109,0.0132046799156081,0.120642086782042,0.303894820511719,0.973845413726748,18.9873571602237,0.268379393614167,0.195559383239278,51662,348000,895
"424",6039,"Madera County, California",2019,0.330509067102277,0.0236768005491746,0.587845697178488,0.141077752736639,0.583740380222792,32.5641096141509,0.240217361623112,0.175770803440912,64827,294000,832
"425",6087,"Santa Cruz County, California",2019,0.563937294345437,0.00816212991329109,0.340104607028216,0.438259506076049,0.758329891977657,30.3703864558821,0.131882495180211,0.101157760668265,89269,839500,1694
"426",6065,"Riverside County, California",2019,0.338763981727116,0.061207117778823,0.500307219537705,0.2352316620777,0.704875643236911,35.7411190545814,0.116419203509645,0.1126657327675,73260,384400,1328
"427",6071,"San Bernardino County, California",2019,0.271493542682969,0.0774951435379813,0.544386113385487,0.224832972386877,0.724812809499027,31.9085121676888,0.166128024100583,0.132591283614594,67903,369900,1190
"428",6041,"Marin County, California",2019,0.709190730452118,0.0257431633607134,0.162889354237982,0.596836225326112,0.670329927645392,33.4837392842564,0.0418757356129592,0.0667800381938416,110843,1078800,2011
"429",6061,"Placer County, California",2019,0.713809438931135,0.019237866185992,0.144054286783036,0.419215618017839,0.630519308996777,28.8774163772241,0.0681693342172554,0.0714865510710339,97723,534700,1507
"430",6089,"Shasta County, California",2019,0.79014326965793,0.0104286983562861,0.10515326521546,0.217961789434057,0.932915128174587,20.6903980015718,0.154882303581681,0.125749043594055,63091,279200,868
"431",6095,"Solano County, California",2019,0.370277207506875,0.133508175041272,0.272768701844997,0.289089077491012,0.559086791926981,34.7048052461706,0.0889592657210043,0.0885152684991468,86652,460500,1585
"432",6007,"Butte County, California",2019,0.707782431359667,0.0171452556276405,0.172141468889436,0.304766540346974,0.895984284932213,21.1092705807348,0.190741738878063,0.159467598338352,62563,336600,935
"433",6031,"Kings County, California",2019,0.313443180332156,0.0531581012161632,0.552595789198378,0.176109293985255,0.782100242714327,23.0646429694873,0.187707787813704,0.15218820673261,58453,247600,763
"434",6079,"San Luis Obispo County, California",2019,0.680704741249898,0.0172052657791467,0.229097421152834,0.371743303536402,0.914766711897768,20.3162948435074,0.0831663177897534,0.119477082157316,77265,637000,1533
"435",6019,"Fresno County, California",2019,0.285525687593146,0.0436412334688885,0.537663359360065,0.220159629248198,0.915159372234203,24.3349568781577,0.243518207381992,0.206430259084243,57518,288300,859
"436",6029,"Kern County, California",2019,0.327779764986081,0.0495066662815679,0.546038555790811,0.170839704614136,0.925068484094156,24.2421298848348,0.231922039974094,0.191198810395965,53067,235800,803
"437",6059,"Orange County, California",2019,0.397049210061933,0.0163835157817572,0.340426905379993,0.410294490560687,0.852554666666667,28.3427154769036,0.0684080983667553,0.0943660872322087,95934,725100,1841
"438",6111,"Ventura County, California",2019,0.445060673328558,0.0178036562388446,0.432426011163041,0.348269565910327,0.783803669621952,27.8338801530403,0.089651824538572,0.0792946832164732,92236,629600,1759
"439",6101,"Sutter County, California",2019,0.448391787235359,0.0179847583298099,0.318713842282744,0.209934752583702,0.568995352516563,28.4253690541279,0.182398834019204,0.124264292993366,62777,311200,972
"440",6081,"San Mateo County, California",2019,0.384054747558289,0.0214474029218352,0.240000626163457,0.523304795136516,0.568332776187085,29.9308287133108,0.0416841732823246,0.0599554853645654,138500,1233600,2415
"441",6077,"San Joaquin County, California",2019,0.303465993481581,0.0664765898486908,0.420304192886421,0.199695901896384,0.711328371508938,36.3022723059403,0.197100555212832,0.136889635081346,68997,385600,1082
